word,frequency
call,0.03885545348959983
free,0.023334389188047724
txt,0.017210431844578187
text,0.014781966001478197
mobil,0.014359624115721677
stop,0.012247914686939077
claim,0.012142329215499948
repli,0.011614401858304297
prize,0.009925034315278218
get,0.009185936015204309
tone,0.007707739415056488
nokia,0.007602153943617358
servic,0.007602153943617358
send,0.007285397529299968
new,0.007285397529299968
award,0.006968641114982578
urgent,0.0066518847006651885
win,0.0065462992292260585
week,0.0065462992292260585
cash,0.0065462992292260585
contact,0.0064407137577869285
phone,0.006123957343469539
pleas,0.006018371872030409
custom,0.005384859043395629
guarante,0.005279273571956499
collect,0.005279273571956499
messag,0.004751346214760849
chat,0.004751346214760849
box,0.004751346214760849
ppm,0.004645760743321719
draw,0.004117833386126069
number,0.004117833386126069
offer,0.004117833386126069
tri,0.004012247914686939
min,0.004012247914686939
receiv,0.003906662443247809
latest,0.003906662443247809
line,0.003906662443247809
day,0.003801076971808679
today,0.003801076971808679
voucher,0.003801076971808679
show,0.003695491500369549
landlin,0.003589906028930419
camera,0.003484320557491289
msg,0.003484320557491289
everi,0.003484320557491289
rington,0.0033787350860521592
holiday,0.0033787350860521592
select,0.0032731496146130292
appli,0.0031675641431738993
pobox,0.0031675641431738993
live,0.0031675641431738993
video,0.0031675641431738993
code,0.0030619786717347693
chanc,0.0030619786717347693
rate,0.0030619786717347693
tc,0.0030619786717347693
cost,0.0029563932002956393
orang,0.0029563932002956393
network,0.0028508077288565093
date,0.0028508077288565093
await,0.0028508077288565093
entri,0.0027452222574173794
sm,0.0027452222574173794
pmin,0.0027452222574173794
know,0.0027452222574173794
poli,0.0027452222574173794
mob,0.0026396367859782494
game,0.0026396367859782494
pound,0.0025340513145391194
weekli,0.0025340513145391194
back,0.0024284658430999894
valid,0.0024284658430999894
charg,0.0024284658430999894
find,0.0024284658430999894
help,0.0024284658430999894
word,0.0023228803716608595
dont,0.0023228803716608595
hr,0.0023228803716608595
attempt,0.0023228803716608595
ye,0.0022172949002217295
deliveri,0.0022172949002217295
special,0.0022172949002217295
bonu,0.0022172949002217295
gift,0.0022172949002217295
sae,0.0022172949002217295
colour,0.0021117094287825995
play,0.0021117094287825995
music,0.0021117094287825995
club,0.0021117094287825995
tsc,0.0021117094287825995
updat,0.0020061239573434695
credit,0.0020061239573434695
wait,0.0020061239573434695
account,0.0020061239573434695
see,0.0020061239573434695
unsubscrib,0.0020061239573434695
time,0.0020061239573434695
privat,0.0019005384859043396
expir,0.0019005384859043396
join,0.0019005384859043396
doubl,0.0019005384859043396
price,0.0019005384859043396
land,0.0019005384859043396
tell,0.0019005384859043396
final,0.0017949530144652096
top,0.0017949530144652096
order,0.0017949530144652096
winner,0.0016893675430260796
next,0.0016893675430260796
statement,0.0016893675430260796
unredeem,0.0016893675430260796
point,0.0016893675430260796
identifi,0.0016893675430260796
age,0.0016893675430260796
friend,0.0016893675430260796
pmsg,0.0016893675430260796
mobileupd,0.0016893675430260796
enter,0.0016893675430260796
dear,0.0016893675430260796
auction,0.0016893675430260796
thank,0.0015837820715869496
camcord,0.0015837820715869496
oper,0.0015837820715869496
match,0.0015837820715869496
sexi,0.0015837820715869496
ltd,0.0015837820715869496
hot,0.0015837820715869496
xma,0.0015837820715869496
wkli,0.0014781966001478197
content,0.0014781966001478197
start,0.0014781966001478197
someon,0.0014781966001478197
think,0.0014781966001478197
congratul,0.0014781966001478197
shop,0.0014781966001478197
wan,0.0014781966001478197
freemsg,0.0013726111287086897
like,0.0013726111287086897
year,0.0013726111287086897
last,0.0013726111287086897
weekend,0.0013726111287086897
quiz,0.0013726111287086897
real,0.0013726111287086897
optout,0.0013726111287086897
make,0.0013726111287086897
easi,0.0013726111287086897
mth,0.0013726111287086897
half,0.0013726111287086897
worth,0.0013726111287086897
savamob,0.0013726111287086897
opt,0.0013726111287086897
mate,0.0013726111287086897
xxx,0.0012670256572695597
info,0.0012670256572695597
nation,0.0012670256572695597
complimentari,0.0012670256572695597
ampm,0.0012670256572695597
caller,0.0012670256572695597
end,0.0012670256572695597
player,0.0012670256572695597
dog,0.0012670256572695597
look,0.0012670256572695597
anytim,0.0012670256572695597
minut,0.0012670256572695597
fanci,0.0012670256572695597
current,0.0012670256572695597
rental,0.0012670256572695597
ipod,0.0012670256572695597
import,0.0012670256572695597
good,0.0012670256572695597
enjoy,0.0012670256572695597
pic,0.0012670256572695597
valu,0.0011614401858304297
use,0.0011614401858304297
follow,0.0011614401858304297
pl,0.0011614401858304297
invit,0.0011614401858304297
hmv,0.0011614401858304297
motorola,0.0011614401858304297
sex,0.0011614401858304297
need,0.0011614401858304297
fantasi,0.0011614401858304297
great,0.0011614401858304297
comp,0.0010558547143912998
reward,0.0010558547143912998
month,0.0010558547143912998
wap,0.0010558547143912998
miss,0.0010558547143912998
news,0.0010558547143912998
tomorrow,0.0010558547143912998
congrat,0.0010558547143912998
repres,0.0010558547143912998
speak,0.0010558547143912998
sent,0.0010558547143912998
direct,0.0010558547143912998
uk,0.0010558547143912998
txting,0.0010558547143912998
secret,0.0010558547143912998
admir,0.0010558547143912998
unlimit,0.0010558547143912998
choos,0.0010558547143912998
question,0.0010558547143912998
babe,0.0010558547143912998
custcar,0.0010558547143912998
love,0.0010558547143912998
ldn,0.0010558547143912998
welcom,0.0010558547143912998
term,0.0010558547143912998
either,0.0010558547143912998
ntt,0.0010558547143912998
girl,0.0010558547143912998
inform,0.0010558547143912998
part,0.0010558547143912998
fun,0.0009502692429521698
england,0.0009502692429521698
bluetooth,0.0009502692429521698
discount,0.0009502692429521698
subscrib,0.0009502692429521698
best,0.0009502692429521698
summer,0.0009502692429521698
wwwgetzedcouk,0.0009502692429521698
chariti,0.0009502692429521698
reveal,0.0009502692429521698
digit,0.0009502692429521698
flag,0.0009502692429521698
entitl,0.0008446837715130398
inc,0.0008446837715130398
sunshin,0.0008446837715130398
soni,0.0008446837715130398
freephon,0.0008446837715130398
ufind,0.0008446837715130398
rreveal,0.0008446837715130398
specialcal,0.0008446837715130398
tnc,0.0008446837715130398
answer,0.0008446837715130398
access,0.0008446837715130398
hgsuiteland,0.0008446837715130398
rowwjhl,0.0008446837715130398
activ,0.0008446837715130398
member,0.0008446837715130398
euro,0.0008446837715130398
area,0.0008446837715130398
night,0.0008446837715130398
store,0.0008446837715130398
bid,0.0008446837715130398
user,0.0008446837715130398
lucki,0.0008446837715130398
give,0.0008446837715130398
btnationalr,0.0008446837715130398
detail,0.0008446837715130398
may,0.0007390983000739098
still,0.0007390983000739098
std,0.0007390983000739098
etc,0.0007390983000739098
flight,0.0007390983000739098
dvd,0.0007390983000739098
download,0.0007390983000739098
even,0.0007390983000739098
horni,0.0007390983000739098
loyalti,0.0007390983000739098
sport,0.0007390983000739098
rcvd,0.0007390983000739098
cashbal,0.0007390983000739098
maxim,0.0007390983000739098
cashin,0.0007390983000739098
tenerif,0.0007390983000739098
visit,0.0007390983000739098
unsub,0.0007390983000739098
within,0.0007390983000739098
spree,0.0007390983000739098
remov,0.0007390983000739098
fantast,0.0007390983000739098
well,0.0007390983000739098
could,0.0007390983000739098
extra,0.0007390983000739098
yr,0.0007390983000739098
skxh,0.0007390983000739098
guess,0.0007390983000739098
log,0.0007390983000739098
onto,0.0007390983000739098
got,0.0007390983000739098
croydon,0.0007390983000739098
plu,0.0007390983000739098
bill,0.0007390983000739098
costa,0.0007390983000739098
sol,0.0007390983000739098
saturday,0.0007390983000739098
hour,0.0006335128286347799
link,0.0006335128286347799
pass,0.0006335128286347799
quot,0.0006335128286347799
standard,0.0006335128286347799
frnd,0.0006335128286347799
goto,0.0006335128286347799
meet,0.0006335128286347799
handset,0.0006335128286347799
singl,0.0006335128286347799
keep,0.0006335128286347799
first,0.0006335128286347799
vari,0.0006335128286347799
announc,0.0006335128286347799
guy,0.0006335128286347799
vodafon,0.0006335128286347799
holder,0.0006335128286347799
book,0.0006335128286347799
wwq,0.0006335128286347799
normpton,0.0006335128286347799
zed,0.0006335128286347799
record,0.0006335128286347799
asap,0.0006335128286347799
gay,0.0006335128286347799
regist,0.0006335128286347799
ask,0.0006335128286347799
uve,0.0006335128286347799
sipix,0.0006335128286347799
an,0.0006335128286347799
httpwwwurawinnercom,0.0006335128286347799
luck,0.0006335128286347799
readi,0.0006335128286347799
arriv,0.0006335128286347799
titl,0.0006335128286347799
arcad,0.0006335128286347799
fone,0.0006335128286347799
toclaim,0.0006335128286347799
stockport,0.0006335128286347799
costå¼pm,0.0006335128286347799
maxmin,0.0006335128286347799
tariff,0.0006335128286347799
pick,0.0006335128286347799
cup,0.0005279273571956499
hey,0.0005279273571956499
click,0.0005279273571956499
subscript,0.0005279273571956499
recent,0.0005279273571956499
voda,0.0005279273571956499
locat,0.0005279273571956499
must,0.0005279273571956499
local,0.0005279273571956499
luv,0.0005279273571956499
wwwtcbiz,0.0005279273571956499
partner,0.0005279273571956499
flirt,0.0005279273571956499
sim,0.0005279273571956499
themob,0.0005279273571956499
decemb,0.0005279273571956499
mths+,0.0005279273571956499
sonyericsson,0.0005279273571956499
gbp,0.0005279273571956499
logo,0.0005279273571956499
eve,0.0005279273571956499
poboxwwq,0.0005279273571956499
post,0.0005279273571956499
loan,0.0005279273571956499
condit,0.0005279273571956499
xpwk,0.0005279273571956499
immedi,0.0005279273571956499
alert,0.0005279273571956499
break,0.0005279273571956499
polyphon,0.0005279273571956499
wwwcomuknet,0.0005279273571956499
login,0.0005279273571956499
talk,0.0005279273571956499
cd,0.0005279273571956499
videophon,0.0005279273571956499
videochat,0.0005279273571956499
wid,0.0005279273571956499
java,0.0005279273571956499
dload,0.0005279273571956499
nolin,0.0005279273571956499
rentl,0.0005279273571956499
cant,0.0005279273571956499
xchat,0.0005279273571956499
surpris,0.0005279273571956499
take,0.0005279273571956499
place,0.0005279273571956499
let,0.0005279273571956499
å¼wk,0.0005279273571956499
ptone,0.0005279273571956499
+onli,0.0005279273571956499
linerent,0.0005279273571956499
reach,0.0005279273571956499
eeri,0.0005279273571956499
rpli,0.0005279273571956499
comput,0.0005279273571956499
offici,0.0005279273571956499
inclus,0.0005279273571956499
spook,0.0005279273571956499
crazi,0.0005279273571956499
cancel,0.0005279273571956499
tkt,0.0004223418857565199
rcv,0.0004223418857565199
correct,0.0004223418857565199
review,0.0004223418857565199
trip,0.0004223418857565199
app,0.0004223418857565199
countri,0.0004223418857565199
ansr,0.0004223418857565199
sptyron,0.0004223418857565199
tonight,0.0004223418857565199
largest,0.0004223418857565199
eca,0.0004223418857565199
noth,0.0004223418857565199
netcollex,0.0004223418857565199
wwwldewcomwinppmxag,0.0004223418857565199
upgrad,0.0004223418857565199
card,0.0004223418857565199
check,0.0004223418857565199
refer,0.0004223418857565199
ad,0.0004223418857565199
close,0.0004223418857565199
wcnxx,0.0004223418857565199
purpos,0.0004223418857565199
tenant,0.0004223418857565199
refus,0.0004223418857565199
cwwx,0.0004223418857565199
mono,0.0004223418857565199
ring,0.0004223418857565199
daili,0.0004223418857565199
forward,0.0004223418857565199
txtauction,0.0004223418857565199
muz,0.0004223418857565199
qxj,0.0004223418857565199
cust,0.0004223418857565199
ibiza,0.0004223418857565199
vip,0.0004223418857565199
address,0.0004223418857565199
cheap,0.0004223418857565199
money,0.0004223418857565199
away,0.0004223418857565199
contract,0.0004223418857565199
bore,0.0004223418857565199
futur,0.0004223418857565199
ralli,0.0004223418857565199
deliv,0.0004223418857565199
txtin,0.0004223418857565199
set,0.0004223418857565199
wwwringtonescouk,0.0004223418857565199
origin,0.0004223418857565199
pmsgrcvdhgsuitelandsrowwjhl,0.0004223418857565199
nite,0.0004223418857565199
hope,0.0004223418857565199
brand,0.0004223418857565199
london,0.0004223418857565199
mobi,0.0004223418857565199
action,0.0004223418857565199
connect,0.0004223418857565199
go,0.0004223418857565199
bahama,0.0004223418857565199
excit,0.0004223418857565199
would,0.0004223418857565199
there,0.0004223418857565199
done,0.0004223418857565199
freefon,0.0004223418857565199
yer,0.0004223418857565199
eng,0.0004223418857565199
wwx,0.0004223418857565199
ntwk,0.0004223418857565199
ref,0.0004223418857565199
sky,0.0004223418857565199
adult,0.0004223418857565199
hit,0.0004223418857565199
stoptxt,0.0004223418857565199
youv,0.0004223418857565199
porn,0.0004223418857565199
fromm,0.0004223418857565199
film,0.0004223418857565199
santa,0.0004223418857565199
six,0.0003167564143173899
team,0.0003167564143173899
cinema,0.0003167564143173899
suprman,0.0003167564143173899
matrix,0.0003167564143173899
starwar,0.0003167564143173899
bxipw,0.0003167564143173899
advis,0.0003167564143173899
hear,0.0003167564143173899
come,0.0003167564143173899
simpli,0.0003167564143173899
password,0.0003167564143173899
mix,0.0003167564143173899
verifi,0.0003167564143173899
laid,0.0003167564143173899
gbpmtmsg,0.0003167564143173899
dream,0.0003167564143173899
soon,0.0003167564143173899
star,0.0003167564143173899
sam,0.0003167564143173899
penc,0.0003167564143173899
pwk,0.0003167564143173899
chart,0.0003167564143173899
genuin,0.0003167564143173899
infowwwpercentrealcom,0.0003167564143173899
tmobil,0.0003167564143173899
newest,0.0003167564143173899
gbpweek,0.0003167564143173899
germani,0.0003167564143173899
via,0.0003167564143173899
valentin,0.0003167564143173899
shag,0.0003167564143173899
avail,0.0003167564143173899
mobilesdirect,0.0003167564143173899
orstoptxt,0.0003167564143173899
true,0.0003167564143173899
competit,0.0003167564143173899
heart,0.0003167564143173899
ave,0.0003167564143173899
bcm,0.0003167564143173899
homeown,0.0003167564143173899
previous,0.0003167564143173899
notic,0.0003167564143173899
tcsstop,0.0003167564143173899
ibhltd,0.0003167564143173899
ldnwh,0.0003167564143173899
renew,0.0003167564143173899
boxqu,0.0003167564143173899
kick,0.0003167564143173899
kept,0.0003167564143173899
result,0.0003167564143173899
postcod,0.0003167564143173899
work,0.0003167564143173899
textoper,0.0003167564143173899
maxå¼,0.0003167564143173899
listen,0.0003167564143173899
pari,0.0003167564143173899
citi,0.0003167564143173899
skilgm,0.0003167564143173899
ever,0.0003167564143173899
life,0.0003167564143173899
subpoli,0.0003167564143173899
php,0.0003167564143173899
comuk,0.0003167564143173899
alfi,0.0003167564143173899
moon,0.0003167564143173899
children,0.0003167564143173899
song,0.0003167564143173899
profit,0.0003167564143173899
recd,0.0003167564143173899
five,0.0003167564143173899
suppli,0.0003167564143173899
hello,0.0003167564143173899
liverpool,0.0003167564143173899
male,0.0003167564143173899
compani,0.0003167564143173899
tcrw,0.0003167564143173899
validhr,0.0003167564143173899
polyph,0.0003167564143173899
flower,0.0003167564143173899
peopl,0.0003167564143173899
receipt,0.0003167564143173899
yesterday,0.0003167564143173899
mani,0.0003167564143173899
hgsuitelandsrowwjhl,0.0003167564143173899
energi,0.0003167564143173899
celeb,0.0003167564143173899
pocketbabecouk,0.0003167564143173899
voicemail,0.0003167564143173899
choic,0.0003167564143173899
lion,0.0003167564143173899
sauci,0.0003167564143173899
photo,0.0003167564143173899
arsen,0.0003167564143173899
alon,0.0003167564143173899
xxxxxxxxx,0.0003167564143173899
high,0.0003167564143173899
shortli,0.0003167564143173899
stay,0.0003167564143173899
sorri,0.0003167564143173899
hard,0.0003167564143173899
biggest,0.0003167564143173899
tour,0.0003167564143173899
ticket,0.0003167564143173899
chosen,0.0003167564143173899
buy,0.0003167564143173899
press,0.0003167564143173899
purchas,0.0003167564143173899
xxxxxxx,0.0003167564143173899
abta,0.0003167564143173899
right,0.0003167564143173899
person,0.0003167564143173899
mind,0.0003167564143173899
helpp,0.0003167564143173899
provid,0.0003167564143173899
boxnqp,0.0003167564143173899
sub,0.0003167564143173899
hol,0.0003167564143173899
pix,0.0003167564143173899
cross,0.0003167564143173899
heard,0.0003167564143173899
rude,0.0003167564143173899
halloween,0.0003167564143173899
logop,0.0003167564143173899
score,0.0003167564143173899
town,0.0003167564143173899
thing,0.0003167564143173899
amaz,0.0003167564143173899
sept,0.0003167564143173899
king,0.0003167564143173899
super,0.0003167564143173899
littl,0.0003167564143173899
deliveredtomorrow,0.0003167564143173899
truli,0.0003167564143173899
wont,0.0003167564143173899
save,0.0003167564143173899
callback,0.0003167564143173899
nat,0.0003167564143173899
wk,0.0003167564143173899
goal,0.0003167564143173899
questionstd,0.00021117094287825995
ratetc,0.00021117094287825995
over,0.00021117094287825995
darl,0.00021117094287825995
chg,0.00021117094287825995
receivea,0.00021117094287825995
csh,0.00021117094287825995
pday,0.00021117094287825995
tsandc,0.00021117094287825995
membership,0.00021117094287825995
jackpot,0.00021117094287825995
wwwdbuknet,0.00021117094287825995
lccltd,0.00021117094287825995
ldnwarw,0.00021117094287825995
sptv,0.00021117094287825995
eurodisinc,0.00021117094287825995
trav,0.00021117094287825995
acoentri,0.00021117094287825995
di,0.00021117094287825995
+å¼morefrmmob,0.00021117094287825995
shracomorsglsuplt,0.00021117094287825995
usher,0.00021117094287825995
britney,0.00021117094287825995
fml,0.00021117094287825995
gent,0.00021117094287825995
algarv,0.00021117094287825995
pmsgp,0.00021117094287825995
hardcor,0.00021117094287825995
randi,0.00021117094287825995
arrang,0.00021117094287825995
uniqu,0.00021117094287825995
enough,0.00021117094287825995
august,0.00021117094287825995
todayfrom,0.00021117094287825995
horo,0.00021117094287825995
sign,0.00021117094287825995
qualiti,0.00021117094287825995
pay,0.00021117094287825995
blind,0.00021117094287825995
fix,0.00021117094287825995
prepay,0.00021117094287825995
lifetim,0.00021117094287825995
updatenow,0.00021117094287825995
calloptoutndx,0.00021117094287825995
boxskch,0.00021117094287825995
wwwtxttowincouk,0.00021117094287825995
lover,0.00021117094287825995
name,0.00021117094287825995
mobno,0.00021117094287825995
adam,0.00021117094287825995
yahoo,0.00021117094287825995
txtno,0.00021117094287825995
juli,0.00021117094287825995
dave,0.00021117094287825995
wwwcom,0.00021117094287825995
cha,0.00021117094287825995
channel,0.00021117094287825995
web,0.00021117094287825995
wwwtxtshopcom,0.00021117094287825995
promo,0.00021117094287825995
ladi,0.00021117094287825995
textbuddi,0.00021117094287825995
search,0.00021117094287825995
gaytextbuddycom,0.00021117094287825995
httpwwwetlpcoukexpressoff,0.00021117094287825995
rstm,0.00021117094287825995
premium,0.00021117094287825995
old,0.00021117094287825995
tcsbcmwcnxx,0.00021117094287825995
callcost,0.00021117094287825995
mobilesvari,0.00021117094287825995
email,0.00021117094287825995
offerth,0.00021117094287825995
tctxt,0.00021117094287825995
pmtmsg,0.00021117094287825995
helplin,0.00021117094287825995
around,0.00021117094287825995
premier,0.00021117094287825995
tscswinawkag,0.00021117094287825995
å¼perwksub,0.00021117094287825995
commun,0.00021117094287825995
psm,0.00021117094287825995
cashto,0.00021117094287825995
getstop,0.00021117094287825995
wed,0.00021117094287825995
world,0.00021117094287825995
discreet,0.00021117094287825995
virgin,0.00021117094287825995
wwwsmsconet,0.00021117094287825995
xxxxxx,0.00021117094287825995
drop,0.00021117094287825995
travel,0.00021117094287825995
crbt,0.00021117094287825995
fixedlin,0.00021117094287825995
mid,0.00021117094287825995
remind,0.00021117094287825995
cheaper,0.00021117094287825995
peak,0.00021117094287825995
lux,0.00021117094287825995
filthi,0.00021117094287825995
somebodi,0.00021117094287825995
secretli,0.00021117094287825995
dateboxessexcmxn,0.00021117094287825995
lshb,0.00021117094287825995
kickoff,0.00021117094287825995
eastend,0.00021117094287825995
dot,0.00021117094287825995
compar,0.00021117094287825995
violet,0.00021117094287825995
tulip,0.00021117094287825995
lili,0.00021117094287825995
wkentp+,0.00021117094287825995
lot,0.00021117094287825995
mbp,0.00021117094287825995
warranti,0.00021117094287825995
på¼,0.00021117094287825995
speedchat,0.00021117094287825995
wish,0.00021117094287825995
wwwtxtcom,0.00021117094287825995
forget,0.00021117094287825995
request,0.00021117094287825995
fil,0.00021117094287825995
wrc,0.00021117094287825995
lucozad,0.00021117094287825995
pack,0.00021117094287825995
lucozadecoukwrc,0.00021117094287825995
itcould,0.00021117094287825995
jordan,0.00021117094287825995
wwwldewcomsubs+winppmx,0.00021117094287825995
nok,0.00021117094287825995
complet,0.00021117094287825995
wwwtextcompcom,0.00021117094287825995
hungri,0.00021117094287825995
feel,0.00021117094287825995
callså¼minmoremobsemspoboxpowa,0.00021117094287825995
jamster,0.00021117094287825995
lionm,0.00021117094287825995
lionp,0.00021117094287825995
potter,0.00021117094287825995
phoenix,0.00021117094287825995
harri,0.00021117094287825995
among,0.00021117094287825995
reader,0.00021117094287825995
balanc,0.00021117094287825995
freeday,0.00021117094287825995
georg,0.00021117094287825995
jordantxt,0.00021117094287825995
bear,0.00021117094287825995
upload,0.00021117094287825995
calloptoutlf,0.00021117094287825995
wwwldewcom,0.00021117094287825995
textpod,0.00021117094287825995
wwwtextpodnet,0.00021117094287825995
clair,0.00021117094287825995
luci,0.00021117094287825995
hubbi,0.00021117094287825995
fri,0.00021117094287825995
leav,0.00021117094287825995
callså¼minmobsmorelkpoboxhpfl,0.00021117094287825995
jsco,0.00021117094287825995
sing,0.00021117094287825995
british,0.00021117094287825995
hotel,0.00021117094287825995
swss,0.00021117094287825995
dracula,0.00021117094287825995
ghost,0.00021117094287825995
addamsfa,0.00021117094287825995
munster,0.00021117094287825995
exorcist,0.00021117094287825995
twilight,0.00021117094287825995
respons,0.00021117094287825995
msgp,0.00021117094287825995
hlp,0.00021117094287825995
wwwmovietriviatv,0.00021117094287825995
wiv,0.00021117094287825995
marri,0.00021117094287825995
ringtoneget,0.00021117094287825995
freesend,0.00021117094287825995
weekstop,0.00021117094287825995
bcmwcnxx,0.00021117094287825995
wow,0.00021117094287825995
boy,0.00021117094287825995
callfreefon,0.00021117094287825995
cruis,0.00021117094287825995
ofå¼,0.00021117094287825995
ibh,0.00021117094287825995
txtauctiontxt,0.00021117094287825995
wordstart,0.00021117094287825995
nowt,0.00021117094287825995
space,0.00021117094287825995
invad,0.00021117094287825995
orig,0.00021117094287825995
consol,0.00021117094287825995
ocoukgam,0.00021117094287825995
big,0.00021117094287825995
foley,0.00021117094287825995
eye,0.00021117094287825995
wwwwincouk,0.00021117094287825995
straight,0.00021117094287825995
wet,0.00021117094287825995
want,0.00021117094287825995
gga,0.00021117094287825995
upto,0.00021117094287825995
btooth,0.00021117094287825995
total,0.00021117094287825995
prompt,0.00021117094287825995
care,0.00021117094287825995
tonesyoucouk,0.00021117094287825995
aom,0.00021117094287825995
gender,0.00021117094287825995
stamp,0.00021117094287825995
self,0.00021117094287825995
envelop,0.00021117094287825995
drink,0.00021117094287825995
bray,0.00021117094287825995
wicklow,0.00021117094287825995
eir,0.00021117094287825995
wwwidewcom,0.00021117094287825995
skillgam,0.00021117094287825995
winaweek,0.00021117094287825995
ppermesssubscript,0.00021117094287825995
satisfi,0.00021117094287825995
home,0.00021117094287825995
respond,0.00021117094287825995
gettin,0.00021117094287825995
lost,0.00021117094287825995
upd,0.00021117094287825995
mailbox,0.00021117094287825995
retriev,0.00021117094287825995
pub,0.00021117094287825995
quizwin,0.00021117094287825995
street,0.00021117094287825995
duchess,0.00021117094287825995
cornwal,0.00021117094287825995
footbal,0.00021117094287825995
gamestar,0.00021117094287825995
å¼k,0.00021117094287825995
nowski,0.00021117094287825995
babi,0.00021117094287825995
aclpm,0.00021117094287825995
brought,0.00021117094287825995
picsfre,0.00021117094287825995
instruct,0.00021117094287825995
knock,0.00021117094287825995
pmtmsgrcvd,0.00021117094287825995
norm,0.00021117094287825995
å¼msg,0.00021117094287825995
includ,0.00021117094287825995
str,0.00021117094287825995
fastest,0.00021117094287825995
grow,0.00021117094287825995
luxuri,0.00021117094287825995
canari,0.00021117094287825995
island,0.00021117094287825995
burger,0.00021117094287825995
breath,0.00021117094287825995
interflora,0.00021117094287825995
everyon,0.00021117094287825995
sinc,0.00021117094287825995
warm,0.00021117094287825995
bring,0.00021117094287825995
sound,0.00021117094287825995
mad,0.00021117094287825995
realiti,0.00021117094287825995
yet,0.00021117094287825995
your,0.00021117094287825995
drive,0.00021117094287825995
improv,0.00021117094287825995
msgsp,0.00021117094287825995
visionsmscom,0.00021117094287825995
lotr,0.00021117094287825995
lookatm,0.00021117094287825995
poboxwtgp,0.00021117094287825995
cameravideo,0.00021117094287825995
movi,0.00021117094287825995
bloomberg,0.00021117094287825995
center,0.00021117094287825995
httpcareer,0.00021117094287825995
bloombergcom,0.00021117094287825995
meet+greet,0.00021117094287825995
westlif,0.00021117094287825995
unbreak,0.00021117094287825995
untam,0.00021117094287825995
unkempt,0.00021117094287825995
+std,0.00021117094287825995
bank,0.00021117094287825995
granit,0.00021117094287825995
issu,0.00021117094287825995
strongbuy,0.00021117094287825995
explos,0.00021117094287825995
nasdaq,0.00021117094287825995
symbol,0.00021117094287825995
cdgt,0.00021117094287825995
thur,0.00021117094287825995
sat,0.00021117094287825995
believ,0.00021117094287825995
incred,0.00021117094287825995
learn,0.00021117094287825995
blow,0.00021117094287825995
ofwd,0.00021117094287825995
ptxt,0.00021117094287825995
unabl,0.00021117094287825995
reschedul,0.00021117094287825995
class,0.00021117094287825995
mila,0.00021117094287825995
blond,0.00021117094287825995
mtalk,0.00021117094287825995
pptxt,0.00021117094287825995
increment,0.00021117094287825995
funk,0.00021117094287825995
tonesu,0.00021117094287825995
iscom,0.00021117094287825995
blu,0.00021117094287825995
httptm,0.00021117094287825995
widelivecomindex,0.00021117094287825995
calloptout,0.00021117094287825995
housew,0.00021117094287825995
btnation,0.00021117094287825995
spanish,0.00021117094287825995
indic,0.00021117094287825995
accid,0.00021117094287825995
dayfind,0.00021117094287825995
natalja,0.00021117094287825995
wwwsmsacunat,0.00021117094287825995
polyh,0.00021117094287825995
anoth,0.00021117094287825995
polo,0.00021117094287825995
suit,0.00021117094287825995
busi,0.00021117094287825995
explicit,0.00021117094287825995
sec,0.00021117094287825995
mnth,0.00021117094287825995
subscribegbpmnth,0.00021117094287825995
stoptxtstop,0.00021117094287825995
randomli,0.00021117094287825995
loyal,0.00021117094287825995
support,0.00021117094287825995
one,0.00021117094287825995
warner,0.00021117094287825995
villag,0.00021117094287825995
henri,0.00021117094287825995
donat,0.00021117094287825995
wallpap,0.00021117094287825995
due,0.00021117094287825995
garden,0.00021117094287825995
bulb,0.00021117094287825995
seed,0.00021117094287825995
scotsman,0.00021117094287825995
notxtcouk,0.00021117094287825995
mayb,0.00021117094287825995
mxi,0.00021117094287825995
xxxmobilemovieclub,0.00010558547143912998
httpwap,0.00010558547143912998
xxxmobilemovieclubcomnqjkgighjjgcbl,0.00010558547143912998
macedonia,0.00010558547143912998
goalsteam,0.00010558547143912998
trywal,0.00010558547143912998
scotland,0.00010558547143912998
txtì¼,0.00010558547143912998
poboxoxwwq,0.00010558547143912998
å¼month,0.00010558547143912998
confirm,0.00010558547143912998
rodger,0.00010558547143912998
burn,0.00010558547143912998
jersey,0.00010558547143912998
devil,0.00010558547143912998
detroit,0.00010558547143912998
red,0.00010558547143912998
wing,0.00010558547143912998
ice,0.00010558547143912998
hockey,0.00010558547143912998
incorrect,0.00010558547143912998
divorc,0.00010558547143912998
barbi,0.00010558547143912998
ken,0.00010558547143912998
stuff,0.00010558547143912998
boxwrc,0.00010558547143912998
gravel,0.00010558547143912998
youll,0.00010558547143912998
svc,0.00010558547143912998
havent,0.00010558547143912998
femal,0.00010558547143912998
annonc,0.00010558547143912998
bootydeli,0.00010558547143912998
wwwsmsacubootydeli,0.00010558547143912998
bangbab,0.00010558547143912998
way,0.00010558547143912998
bangb,0.00010558547143912998
internetservic,0.00010558547143912998
menu,0.00010558547143912998
wwwareyouuniquecouk,0.00010558547143912998
career,0.00010558547143912998
flyng,0.00010558547143912998
ari,0.00010558547143912998
recdthirtyeight,0.00010558547143912998
realli,0.00010558547143912998
nake,0.00010558547143912998
chang,0.00010558547143912998
clubmobilescom,0.00010558547143912998
thfebtc,0.00010558547143912998
rodd,0.00010558547143912998
aberdeen,0.00010558547143912998
unit,0.00010558547143912998
kingdom,0.00010558547143912998
httpimg,0.00010558547143912998
acwicmbcktzr,0.00010558547143912998
hide,0.00010558547143912998
gossip,0.00010558547143912998
fit,0.00010558547143912998
funki,0.00010558547143912998
smart,0.00010558547143912998
nowtc,0.00010558547143912998
winnersclub,0.00010558547143912998
dointerest,0.00010558547143912998
sextextukcom,0.00010558547143912998
xxuk,0.00010558547143912998
suzi,0.00010558547143912998
websit,0.00010558547143912998
calloptoutfq,0.00010558547143912998
wwwregalportfoliocouk,0.00010558547143912998
xå¼pw,0.00010558547143912998
eå¼nd,0.00010558547143912998
poboxntfp,0.00010558547143912998
upgrdcentr,0.00010558547143912998
okmail,0.00010558547143912998
moan,0.00010558547143912998
pmtmsgrcvd+,0.00010558547143912998
boltblu,0.00010558547143912998
slide,0.00010558547143912998
yeah,0.00010558547143912998
slow,0.00010558547143912998
jamz,0.00010558547143912998
toxic,0.00010558547143912998
httpwwwbubbletextcom,0.00010558547143912998
pin,0.00010558547143912998
tgxxrz,0.00010558547143912998
reciev,0.00010558547143912998
teletext,0.00010558547143912998
wwwapplausestorecom,0.00010558547143912998
monthlysubscriptionpmsg,0.00010558547143912998
maxmonth,0.00010558547143912998
tcsc,0.00010558547143912998
textand,0.00010558547143912998
xclusiveclubsaisai,0.00010558547143912998
morow,0.00010558547143912998
soire,0.00010558547143912998
zouk,0.00010558547143912998
nichol,0.00010558547143912998
parisfre,0.00010558547143912998
rose,0.00010558547143912998
sun,0.00010558547143912998
helloy,0.00010558547143912998
seem,0.00010558547143912998
cool,0.00010558547143912998
lapdanc,0.00010558547143912998
bedroom,0.00010558547143912998
ppmsg,0.00010558547143912998
ngage,0.00010558547143912998
deck,0.00010558547143912998
wwwcnupdatescomnewslett,0.00010558547143912998
alertfrom,0.00010558547143912998
jeri,0.00010558547143912998
stewarts,0.00010558547143912998
kbsubject,0.00010558547143912998
lowcost,0.00010558547143912998
prescripiton,0.00010558547143912998
drvgsto,0.00010558547143912998
realiz,0.00010558547143912998
thousand,0.00010558547143912998
run,0.00010558547143912998
tattoo,0.00010558547143912998
romant,0.00010558547143912998
unclaim,0.00010558547143912998
closingd,0.00010558547143912998
claimcod,0.00010558547143912998
å¼pmmorefrommobilebremovedmobypoboxlsyf,0.00010558547143912998
thought,0.00010558547143912998
perfect,0.00010558547143912998
toppoli,0.00010558547143912998
tune,0.00010558547143912998
pole,0.00010558547143912998
thmarch,0.00010558547143912998
availa,0.00010558547143912998
outbid,0.00010558547143912998
simonwatson,0.00010558547143912998
shinco,0.00010558547143912998
plyr,0.00010558547143912998
acsmsreward,0.00010558547143912998
notif,0.00010558547143912998
smsservic,0.00010558547143912998
yourinclus,0.00010558547143912998
voucherstext,0.00010558547143912998
nowsavamobmemb,0.00010558547143912998
fall,0.00010558547143912998
mysteri,0.00010558547143912998
å¼pm,0.00010558547143912998
approx,0.00010558547143912998
posh,0.00010558547143912998
bird,0.00010558547143912998
chap,0.00010558547143912998
trial,0.00010558547143912998
prod,0.00010558547143912998
champney,0.00010558547143912998
put,0.00010558547143912998
dob,0.00010558547143912998
stopsm,0.00010558547143912998
alreadi,0.00010558547143912998
paid,0.00010558547143912998
httpdoit,0.00010558547143912998
mymobi,0.00010558547143912998
lastest,0.00010558547143912998
stereophon,0.00010558547143912998
marley,0.00010558547143912998
dizze,0.00010558547143912998
racal,0.00010558547143912998
libertin,0.00010558547143912998
stroke,0.00010558547143912998
nookii,0.00010558547143912998
bookmark,0.00010558547143912998
januari,0.00010558547143912998
å¼million,0.00010558547143912998
pptx+normal,0.00010558547143912998
wtji,0.00010558547143912998
matthew,0.00010558547143912998
touch,0.00010558547143912998
folk,0.00010558547143912998
stori,0.00010558547143912998
panason,0.00010558547143912998
bluetoothhdset,0.00010558547143912998
doublemin,0.00010558547143912998
doubletxt,0.00010558547143912998
bloke,0.00010558547143912998
zoe,0.00010558547143912998
wwwflirtpartyu,0.00010558547143912998
elvi,0.00010558547143912998
presley,0.00010558547143912998
birthday,0.00010558547143912998
speed,0.00010558547143912998
swap,0.00010558547143912998
chatter,0.00010558547143912998
rcd,0.00010558547143912998
survey,0.00010558547143912998
howev,0.00010558547143912998
stchoicecouk,0.00010558547143912998
notifi,0.00010558547143912998
market,0.00010558547143912998
sexual,0.00010558547143912998
cute,0.00010558547143912998
å¼p,0.00010558547143912998
exp,0.00010558547143912998
apr,0.00010558547143912998
accommod,0.00010558547143912998
variou,0.00010558547143912998
global,0.00010558547143912998
wwwphbcom,0.00010558547143912998
moro,0.00010558547143912998
jane,0.00010558547143912998
videosound,0.00010558547143912998
gold,0.00010558547143912998
videosounds+,0.00010558547143912998
logos+musicnew,0.00010558547143912998
jamstercouk,0.00010558547143912998
‰ûïharri,0.00010558547143912998
sang,0.00010558547143912998
uptown,0.00010558547143912998
nick,0.00010558547143912998
tom,0.00010558547143912998
dick,0.00010558547143912998
fact,0.00010558547143912998
type,0.00010558547143912998
winppmxag,0.00010558547143912998
dartboard,0.00010558547143912998
trebl,0.00010558547143912998
optin,0.00010558547143912998
what,0.00010558547143912998
bbc,0.00010558547143912998
havin,0.00010558547143912998
borin,0.00010558547143912998
bought,0.00010558547143912998
wordcollect,0.00010558547143912998
tcllc,0.00010558547143912998
nyusa,0.00010558547143912998
pmt,0.00010558547143912998
msgrcvd+,0.00010558547143912998
meetin,0.00010558547143912998
cumin,0.00010558547143912998
wwwbiz,0.00010558547143912998
leadership,0.00010558547143912998
skill,0.00010558547143912998
strong,0.00010558547143912998
psychic,0.00010558547143912998
wquestion,0.00010558547143912998
vote,0.00010558547143912998
along,0.00010558547143912998
karaok,0.00010558547143912998
instal,0.00010558547143912998
brows,0.00010558547143912998
artist,0.00010558547143912998
wwworangecoukow,0.00010558547143912998
olymp,0.00010558547143912998
rtking,0.00010558547143912998
pro,0.00010558547143912998
inforingtonekingcouk,0.00010558547143912998
redeem,0.00010558547143912998
wwwringtonekingcouk,0.00010558547143912998
anetwork,0.00010558547143912998
allow,0.00010558547143912998
supplier,0.00010558547143912998
freemsgfeelin,0.00010558547143912998
kinda,0.00010558547143912998
lnli,0.00010558547143912998
jst,0.00010558547143912998
pictxt,0.00010558547143912998
rgent,0.00010558547143912998
lookin,0.00010558547143912998
daytim,0.00010558547143912998
busti,0.00010558547143912998
woman,0.00010558547143912998
sort,0.00010558547143912998
janinexx,0.00010558547143912998
monthli,0.00010558547143912998
mobsicom,0.00010558547143912998
four,0.00010558547143912998
suffici,0.00010558547143912998
prebook,0.00010558547143912998
trackmarqu,0.00010558547143912998
infovipclubu,0.00010558547143912998
mandi,0.00010558547143912998
sullivan,0.00010558547143912998
hotmix,0.00010558547143912998
fmyou,0.00010558547143912998
easter,0.00010558547143912998
drawpleas,0.00010558547143912998
telephon,0.00010558547143912998
transfer,0.00010558547143912998
els,0.00010558547143912998
conact,0.00010558547143912998
youto,0.00010558547143912998
poboxntf,0.00010558547143912998
brother,0.00010558547143912998
cro,0.00010558547143912998
å¼award,0.00010558547143912998
hottest,0.00010558547143912998
hack,0.00010558547143912998
backdoor,0.00010558547143912998
room,0.00010558547143912998
fraction,0.00010558547143912998
neo,0.00010558547143912998
dp,0.00010558547143912998
xnet,0.00010558547143912998
minstxtmth,0.00010558547143912998
optoutdwv,0.00010558547143912998
prizeto,0.00010558547143912998
nearli,0.00010558547143912998
ban,0.00010558547143912998
extrem,0.00010558547143912998
dirti,0.00010558547143912998
offic,0.00010558547143912998
privaci,0.00010558547143912998
sic,0.00010558547143912998
videop,0.00010558547143912998
wild,0.00010558547143912998
hurri,0.00010558547143912998
prcvd,0.00010558547143912998
stopstop,0.00010558547143912998
rpl,0.00010558547143912998
cnl,0.00010558547143912998
vpod,0.00010558547143912998
aå¼,0.00010558547143912998
minapn,0.00010558547143912998
lsbb,0.00010558547143912998
fifa,0.00010558547143912998
held,0.00010558547143912998
yoher,0.00010558547143912998
open,0.00010558547143912998
skillgamewinaweek,0.00010558547143912998
ageppermesssubscript,0.00010558547143912998
cast,0.00010558547143912998
gbpmonth,0.00010558547143912998
boxm,0.00010558547143912998
wither,0.00010558547143912998
egf,0.00010558547143912998
egg,0.00010558547143912998
messagestext,0.00010558547143912998
nowus,0.00010558547143912998
webmobil,0.00010558547143912998
txtcom,0.00010558547143912998
lawu,0.00010558547143912998
txtx,0.00010558547143912998
ringtonerepli,0.00010558547143912998
marsm,0.00010558547143912998
wwwbutelecom,0.00010558547143912998
buffi,0.00010558547143912998
qlynnbv,0.00010558547143912998
bundl,0.00010558547143912998
deal,0.00010558547143912998
avbl,0.00010558547143912998
calloptoutj,0.00010558547143912998
goten,0.00010558547143912998
bout,0.00010558547143912998
scammer,0.00010558547143912998
smartthough,0.00010558547143912998
regular,0.00010558547143912998
prem,0.00010558547143912998
msgsubscript,0.00010558547143912998
bewar,0.00010558547143912998
morro,0.00010558547143912998
passion,0.00010558547143912998
dena,0.00010558547143912998
å¼minmobsmorelkpoboxhpfl,0.00010558547143912998
splashmobil,0.00010558547143912998
subscrit,0.00010558547143912998
stoptx,0.00010558547143912998
arrow,0.00010558547143912998
tddnewsletteremccouk,0.00010558547143912998
thedailydraw,0.00010558547143912998
helen,0.00010558547143912998
dozen,0.00010558547143912998
prizeswith,0.00010558547143912998
nqp,0.00010558547143912998
freenokia,0.00010558547143912998
oroptouthvd,0.00010558547143912998
restrict,0.00010558547143912998
buddi,0.00010558547143912998
sir,0.00010558547143912998
resub,0.00010558547143912998
monoc,0.00010558547143912998
polyc,0.00010558547143912998
stream,0.00010558547143912998
becausethey,0.00010558547143912998
wrg,0.00010558547143912998
nasti,0.00010558547143912998
filthyguy,0.00010558547143912998
bitch,0.00010558547143912998
slo,0.00010558547143912998
slomsg,0.00010558547143912998
gotto,0.00010558547143912998
comukcm,0.00010558547143912998
ithi,0.00010558547143912998
creat,0.00010558547143912998
page,0.00010558547143912998
wwwasjesuscom,0.00010558547143912998
read,0.00010558547143912998
wrote,0.00010558547143912998
opinion,0.00010558547143912998
wwwmusictrivianet,0.00010558547143912998
sppok,0.00010558547143912998
complementari,0.00010558547143912998
sender,0.00010558547143912998
hvae,0.00010558547143912998
poboxtcrw,0.00010558547143912998
infotxtcouk,0.00010558547143912998
mini,0.00010558547143912998
snap,0.00010558547143912998
quizclub,0.00010558547143912998
sprwm,0.00010558547143912998
gmw,0.00010558547143912998
keyword,0.00010558547143912998
ten,0.00010558547143912998
tarot,0.00010558547143912998
horniest,0.00010558547143912998
nytecalpmsgp,0.00010558547143912998
whose,0.00010558547143912998
wwwtklscom,0.00010558547143912998
stoptxtstopå¼week,0.00010558547143912998
ccpmin,0.00010558547143912998
park,0.00010558547143912998
mcflyall,0.00010558547143912998
sara,0.00010558547143912998
jorgeshock,0.00010558547143912998
smithswitch,0.00010558547143912998
fan,0.00010558547143912998
txtp,0.00010558547143912998
europ,0.00010558547143912998
bannfwflyppm,0.00010558547143912998
maq,0.00010558547143912998
‰ûï,0.00010558547143912998
jame,0.00010558547143912998
ehrr,0.00010558547143912998
women,0.00010558547143912998
instantli,0.00010558547143912998
bcmsfwcnxx,0.00010558547143912998
footi,0.00010558547143912998
stadium,0.00010558547143912998
larg,0.00010558547143912998
cocacola,0.00010558547143912998
walk,0.00010558547143912998
child,0.00010558547143912998
afraid,0.00010558547143912998
dark,0.00010558547143912998
becom,0.00010558547143912998
teenag,0.00010558547143912998
u‰ûºv,0.00010558547143912998
instant,0.00010558547143912998
å¼å¼,0.00010558547143912998
fav,0.00010558547143912998
tonesrepli,0.00010558547143912998
crazyin,0.00010558547143912998
sleepingwith,0.00010558547143912998
finest,0.00010558547143912998
ymca,0.00010558547143912998
getzedcouk,0.00010558547143912998
poboxowwq,0.00010558547143912998
åòit,0.00010558547143912998
late,0.00010558547143912998
christma,0.00010558547143912998
midnight,0.00010558547143912998
romcapspam,0.00010558547143912998
presenc,0.00010558547143912998
outgo,0.00010558547143912998
freemessag,0.00010558547143912998
jamsterget,0.00010558547143912998
frog,0.00010558547143912998
stopbcm,0.00010558547143912998
pdatenow,0.00010558547143912998
calloptoutyhl,0.00010558547143912998
packag,0.00010558547143912998
resubmit,0.00010558547143912998
expiri,0.00010558547143912998
anyon,0.00010558547143912998
slower,0.00010558547143912998
idiot,0.00010558547143912998
faster,0.00010558547143912998
maniac,0.00010558547143912998
calloptoutqf,0.00010558547143912998
profession,0.00010558547143912998
tiger,0.00010558547143912998
wood,0.00010558547143912998
minscal,0.00010558547143912998
calloptoutjq,0.00010558547143912998
chrgdp,0.00010558547143912998
exit,0.00010558547143912998
ton,0.00010558547143912998
hunk,0.00010558547143912998
httpgotbabescouk,0.00010558547143912998
abroad,0.00010558547143912998
lone,0.00010558547143912998
xxsp,0.00010558547143912998
stopcost,0.00010558547143912998
agent,0.00010558547143912998
load,0.00010558547143912998
goodi,0.00010558547143912998
mat,0.00010558547143912998
lord,0.00010558547143912998
ringsreturn,0.00010558547143912998
nowrepli,0.00010558547143912998
june,0.00010558547143912998
soundtrack,0.00010558547143912998
stdtxtrate,0.00010558547143912998
feb,0.00010558547143912998
classic,0.00010558547143912998
nokiap,0.00010558547143912998
polyp,0.00010558547143912998
clip,0.00010558547143912998
better,0.00010558547143912998
mmsto,0.00010558547143912998
vat,0.00010558547143912998
httpwwwetlpcoukreward,0.00010558547143912998
skilgmetscswinawkage+å¼perwksub,0.00010558547143912998
hava,0.00010558547143912998
rct,0.00010558547143912998
thnq,0.00010558547143912998
adrian,0.00010558547143912998
rgd,0.00010558547143912998
vatian,0.00010558547143912998
lose,0.00010558547143912998
boxskwpppm+,0.00010558547143912998
msgwe,0.00010558547143912998
mistak,0.00010558547143912998
shortcod,0.00010558547143912998
refundedthi,0.00010558547143912998
never,0.00010558547143912998
much,0.00010558547143912998
came,0.00010558547143912998
made,0.00010558547143912998
gbpsm,0.00010558547143912998
deltomorrow,0.00010558547143912998
begin,0.00010558547143912998
smartcal,0.00010558547143912998
subscriptngbpwk,0.00010558547143912998
landlineonli,0.00010558547143912998
å¼,0.00010558547143912998
textsweekend,0.00010558547143912998
orno,0.00010558547143912998
fink,0.00010558547143912998
promis,0.00010558547143912998
carli,0.00010558547143912998
callså¼minmobsmor,0.00010558547143912998
lkpoboxhpfl,0.00010558547143912998
lingeri,0.00010558547143912998
wwwbridalpetticoatdreamscouk,0.00010558547143912998
superb,0.00010558547143912998
weddingfriend,0.00010558547143912998
knicker,0.00010558547143912998
beg,0.00010558547143912998
nikiyunet,0.00010558547143912998
dorothykiefercom,0.00010558547143912998
ppmpoboxbhambx,0.00010558547143912998
theyr,0.00010558547143912998
sell,0.00010558547143912998
fast,0.00010558547143912998
rock,0.00010558547143912998
chik,0.00010558547143912998
filth,0.00010558547143912998
saristar,0.00010558547143912998
wirenet,0.00010558547143912998
stterm,0.00010558547143912998
mobcudb,0.00010558547143912998
boxcpm,0.00010558547143912998
banneduk,0.00010558547143912998
round,0.00010558547143912998
highest,0.00010558547143912998
maximum,0.00010558547143912998
wwwrtfsphostingcom,0.00010558547143912998
will,0.00010558547143912998
strt,0.00010558547143912998
ltdhelpdesk,0.00010558547143912998
mytonecomenjoy,0.00010558547143912998
html,0.00010558547143912998
mfl,0.00010558547143912998
wamma,0.00010558547143912998
laidwant,0.00010558547143912998
doggin,0.00010558547143912998
nownyt,0.00010558547143912998
promot,0.00010558547143912998
txtstar,0.00010558547143912998
wildest,0.00010558547143912998
tfp,0.00010558547143912998
airport,0.00010558547143912998
loung,0.00010558547143912998
sxi,0.00010558547143912998
mobstorequizppm,0.00010558547143912998
twink,0.00010558547143912998
scalli,0.00010558547143912998
skin,0.00010558547143912998
jock,0.00010558547143912998
row,0.00010558547143912998
concert,0.00010558547143912998
novemb,0.00010558547143912998
costå¼max,0.00010558547143912998
nowsend,0.00010558547143912998
cncl,0.00010558547143912998
stopc,0.00010558547143912998
åòharri,0.00010558547143912998
ringtonefrom,0.00010558547143912998
wmlidbaeceffffirsttruejul,0.00010558547143912998
god,0.00010558547143912998
ive,0.00010558547143912998
found,0.00010558547143912998
glad,0.00010558547143912998
xafter,0.00010558547143912998
cst,0.00010558547143912998
pictur,0.00010558547143912998
httpaltocoukwavewaveaspo,0.00010558547143912998
calloptouthf,0.00010558547143912998
xxxxx,0.00010558547143912998
pushbutton,0.00010558547143912998
dontcha,0.00010558547143912998
babygoodby,0.00010558547143912998
golddigg,0.00010558547143912998
webeburnin,0.00010558547143912998
gnarl,0.00010558547143912998
barkley,0.00010558547143912998
secur,0.00010558547143912998
unsecur,0.00010558547143912998
ringtonek,0.00010558547143912998
tripl,0.00010558547143912998
echo,0.00010558547143912998
dial,0.00010558547143912998
xyour,0.00010558547143912998
å¼week,0.00010558547143912998
poboxldn,0.00010558547143912998
tbspersolvo,0.00010558547143912998
chase,0.00010558547143912998
forå¼,0.00010558547143912998
definit,0.00010558547143912998
ignor,0.00010558547143912998
kath,0.00010558547143912998
manchest,0.00010558547143912998
bad,0.00010558547143912998
noworriesloanscom,0.00010558547143912998
season,0.00010558547143912998
villa,0.00010558547143912998
hero,0.00010558547143912998
tip,0.00010558547143912998
gsoh,0.00010558547143912998
spam,0.00010558547143912998
ladiesu,0.00010558547143912998
gigolo,0.00010558547143912998
men,0.00010558547143912998
oncal,0.00010558547143912998
mjzgroup,0.00010558547143912998
msgå¼rcvd,0.00010558547143912998
ukp,0.00010558547143912998
spjanuari,0.00010558547143912998
simpson,0.00010558547143912998
releas,0.00010558547143912998
band,0.00010558547143912998
die,0.00010558547143912998
agreen,0.00010558547143912998
bblue,0.00010558547143912998
cred,0.00010558547143912998
amanda,0.00010558547143912998
regard,0.00010558547143912998
tel,0.00010558547143912998
subject,0.00010558547143912998
httpwwwwtlpcouktext,0.00010558547143912998
cmon,0.00010558547143912998
turn,0.00010558547143912998
sticki,0.00010558547143912998
prizeawait,0.00010558547143912998
left,0.00010558547143912998
normal,0.00010558547143912998
gpr,0.00010558547143912998
accordingli,0.00010558547143912998
repeat,0.00010558547143912998
block,0.00010558547143912998
breaker,0.00010558547143912998
delux,0.00010558547143912998
format,0.00010558547143912998
featur,0.00010558547143912998
graphic,0.00010558547143912998
bbdelux,0.00010558547143912998
challeng,0.00010558547143912998
kit,0.00010558547143912998
strip,0.00010558547143912998
oja,0.00010558547143912998
thesmszonecom,0.00010558547143912998
anonym,0.00010558547143912998
mask,0.00010558547143912998
messagesim,0.00010558547143912998
theredo,0.00010558547143912998
potenti,0.00010558547143912998
abus,0.00010558547143912998
shi,0.00010558547143912998
landmark,0.00010558547143912998
bob,0.00010558547143912998
barri,0.00010558547143912998
tonex,0.00010558547143912998
wwwclubzedcouk,0.00010558547143912998
recpt,0.00010558547143912998
process,0.00010558547143912998
headset,0.00010558547143912998
adp,0.00010558547143912998
floppi,0.00010558547143912998
snappi,0.00010558547143912998
happi,0.00010558547143912998
ukmobiled,0.00010558547143912998
mg,0.00010558547143912998
+å¼,0.00010558547143912998
proze,0.00010558547143912998
norcorp,0.00010558547143912998
ltdå¼mtmsgrcvd+,0.00010558547143912998
item,0.00010558547143912998
cfcaa,0.00010558547143912998
wine,0.00010558547143912998
wot,0.00010558547143912998
cock,0.00010558547143912998
wife,0.00010558547143912998
string,0.00010558547143912998
rec,0.00010558547143912998
å¼ea,0.00010558547143912998
otbox,0.00010558547143912998
sexiest,0.00010558547143912998
dirtiest,0.00010558547143912998
chatim,0.00010558547143912998
utxt,0.00010558547143912998
laugh,0.00010558547143912998
chitchat,0.00010558547143912998
logon,0.00010558547143912998
å¼call,0.00010558547143912998
tcsbcmwcnxxcallcostppmmobilesvari,0.00010558547143912998
stopsmsppm,0.00010558547143912998
cannam,0.00010558547143912998
capit,0.00010558547143912998
australia,0.00010558547143912998
mquiz,0.00010558547143912998
rip,0.00010558547143912998
wwwclubmobycom,0.00010558547143912998
polytruepixringtonesgam,0.00010558547143912998
chloe,0.00010558547143912998
smash,0.00010558547143912998
ptext,0.00010558547143912998
rayman,0.00010558547143912998
golf,0.00010558547143912998
key,0.00010558547143912998
termsappli,0.00010558547143912998
minstext,0.00010558547143912998
coolmob,0.00010558547143912998
frogaxel,0.00010558547143912998
akonlon,0.00010558547143912998
black,0.00010558547143912998
eyeddont,0.00010558547143912998
cashbincouk,0.00010558547143912998
wwwcashbincouk,0.00010558547143912998
continu,0.00010558547143912998
presid,0.00010558547143912998
callsppm,0.00010558547143912998
wwwsantacallingcom,0.00010558547143912998
smsshsexnetun,0.00010558547143912998
fgkslpopw,0.00010558547143912998
fgkslpo,0.00010558547143912998
messagethank,0.00010558547143912998
pmsgrcvd,0.00010558547143912998
skip,0.00010558547143912998
customercar,0.00010558547143912998
lyricalladief,0.00010558547143912998
wwwsmsacuhmmross,0.00010558547143912998
colin,0.00010558547143912998
farrel,0.00010558547143912998
swat,0.00010558547143912998
wkend,0.00010558547143912998
popcornjust,0.00010558547143912998
msg+ticketkioskvalid,0.00010558547143912998
kiosk,0.00010558547143912998
mre,0.00010558547143912998
simpl,0.00010558547143912998
shot,0.00010558547143912998
yard,0.00010558547143912998
bergkamp,0.00010558547143912998
margin,0.00010558547143912998
sexychat,0.00010558547143912998
ami,0.00010558547143912998
coupl,0.00010558547143912998
parti,0.00010558547143912998
benefit,0.00010558547143912998
train,0.00010558547143912998
advisor,0.00010558547143912998
diall,0.00010558547143912998
meal,0.00010558547143912998
dine,0.00010558547143912998
experiencehttpwwwvouchmecometlpdiningasp,0.00010558547143912998
unicef,0.00010558547143912998
asian,0.00010558547143912998
tsunami,0.00010558547143912998
disast,0.00010558547143912998
fund,0.00010558547143912998
goldvik,0.00010558547143912998
wwwsmsacugoldvik,0.00010558547143912998
phoni,0.00010558547143912998
xxxx,0.00010558547143912998
freeentri,0.00010558547143912998
pmeg,0.00010558547143912998
codexx,0.00010558547143912998
deepest,0.00010558547143912998
darkest,0.00010558547143912998
natali,0.00010558547143912998
wwwsmsacunataliek,0.00010558547143912998
accommodationvouch,0.00010558547143912998
mustprovid,0.00010558547143912998
winawk,0.00010558547143912998
å¼perweeksub,0.00010558547143912998
pink,0.00010558547143912998
panther,0.00010558547143912998
sugabab,0.00010558547143912998
zebra,0.00010558547143912998
anim,0.00010558547143912998
badass,0.00010558547143912998
hoodi,0.00010558547143912998
wallpaperal,0.00010558547143912998
resent,0.00010558547143912998
previou,0.00010558547143912998
fail,0.00010558547143912998
error,0.00010558547143912998
queri,0.00010558547143912998
customersqueriesnetvisionukcom,0.00010558547143912998
vco,0.00010558547143912998
ree,0.00010558547143912998
compens,0.00010558547143912998
wwwtelediscountcouk,0.00010558547143912998
someonon,0.00010558547143912998
wwwldewcomwinppmxagesubscript,0.00010558547143912998
textcomp,0.00010558547143912998
subsequ,0.00010558547143912998
chargedpmsg,0.00010558547143912998
erot,0.00010558547143912998
ecstaci,0.00010558547143912998
dept,0.00010558547143912998
datingi,0.00010558547143912998
two,0.00010558547143912998
radio,0.00010558547143912998
coincid,0.00010558547143912998
lead,0.00010558547143912998
paus,0.00010558547143912998
grprize,0.00010558547143912998
psp,0.00010558547143912998
wktxt,0.00010558547143912998
httpwwwgrprizescom,0.00010558547143912998
legitimat,0.00010558547143912998
efreefon,0.00010558547143912998
polic,0.00010558547143912998
station,0.00010558547143912998
toilet,0.00010558547143912998
stolen,0.00010558547143912998
cop,0.00010558547143912998
sparkl,0.00010558547143912998
wwwshortbreaksorguk,0.00010558547143912998
wwwgambtv,0.00010558547143912998
wmlidadafirsttrueåác,0.00010558547143912998
ringtoneåá,0.00010558547143912998
planettalkinstantcom,0.00010558547143912998
marvel,0.00010558547143912998
ultim,0.00010558547143912998
spiderman,0.00010558547143912998
spider,0.00010558547143912998
ball,0.00010558547143912998
gsex,0.00010558547143912998
wcn,0.00010558547143912998
chatlin,0.00010558547143912998
inclu,0.00010558547143912998
india,0.00010558547143912998
serv,0.00010558547143912998
sed,0.00010558547143912998
ler,0.00010558547143912998
mega,0.00010558547143912998
giv,0.00010558547143912998
shit,0.00010558547143912998
bailiff,0.00010558547143912998
hous,0.00010558547143912998
